CandidateID,FirstName,LastName,Source,Position,DateApplied,DateHired,Status
1,Jenna,Garcia,Referral,"Designer, jewellery",2025-08-07,,In-Process
2,Jerry,Rhodes,Campus,Medical technical officer,2017-10-17,,In-Process
3,Nicole,Davis,LinkedIn,Public relations account executive,2018-02-06,,In-Process
4,Catherine,Moody,Naukri,Occupational psychologist,2017-01-10,,In-Process
5,Joseph,Smith,Campus,Counsellor,2018-07-04,,In-Process
6,Kayla,Long,Naukri,Orthoptist,2019-01-26,2019-03-16,Hired
7,Xavier,Yoder,Agency,Occupational psychologist,2023-11-30,,In-Process
8,Shawn,Miller,Referral,Research scientist (life sciences),2019-08-23,2019-11-20,Hired
9,Christina,Zuniga,Campus,"Engineer, technical sales",2017-07-19,,Rejected
10,Robert,Mcpherson,Agency,Aid worker,2024-11-02,,In-Process
11,Hannah,Cunningham,Naukri,Legal executive,2018-04-13,,Rejected
12,Laura,Wallace,LinkedIn,Audiological scientist,2016-07-26,2016-09-04,Hired
13,Douglas,Hernandez,LinkedIn,General practice doctor,2023-05-08,,Rejected
14,Christopher,Davis,Referral,Prison officer,2019-03-14,2019-04-01,Hired
15,Mark,Kelly,Agency,Lawyer,2019-08-12,,In-Process
16,Cynthia,Burke,Agency,Chief Marketing Officer,2023-12-15,2024-01-05,Hired
17,Lori,King,Naukri,Corporate treasurer,2021-10-24,,Rejected
18,Joseph,Thomas,Campus,"Therapist, occupational",2019-12-15,,Rejected
19,Howard,Martin,LinkedIn,Conference centre manager,2019-02-13,,In-Process
20,Cheryl,Willis,LinkedIn,Building control surveyor,2024-10-13,,Rejected
21,Meghan,Morrison,Agency,Corporate investment banker,2016-07-23,,In-Process
22,Glenn,Harris,Campus,Private music teacher,2019-08-12,2019-10-07,Hired
23,Rachel,Barrera,Referral,Social researcher,2024-10-07,,Rejected
24,Laura,Cooper,Naukri,Hotel manager,2021-02-05,,In-Process
25,Lisa,Stewart,Agency,Estate agent,2023-10-10,,In-Process
26,Julian,Cooper,Naukri,"Education officer, museum",2019-05-20,,In-Process
27,Jesse,Black,LinkedIn,Fast food restaurant manager,2023-03-22,2023-05-18,Hired
28,Michael,Gibson,Campus,Special effects artist,2018-05-22,,In-Process
29,Brittany,Stewart,Naukri,Clinical psychologist,2019-08-13,,Rejected
30,Martha,Tyler,Naukri,"Radiographer, therapeutic",2025-06-26,,Rejected
31,Joshua,Barker,Campus,"Engineer, broadcasting (operations)",2022-06-27,,Rejected
32,Kristin,Hanna,Referral,Set designer,2016-06-20,2016-09-11,Hired
33,Andre,Adkins,Agency,"Engineer, mining",2025-04-18,2025-04-29,Hired
34,Wanda,Jenkins,Referral,Higher education lecturer,2017-01-13,,Rejected
35,Matthew,Cisneros,LinkedIn,Bonds trader,2023-10-27,,In-Process
36,Amanda,Anderson,Agency,Aid worker,2021-07-19,,Rejected
37,Zachary,Woods,Naukri,Medical physicist,2019-09-23,,Rejected
38,Stephanie,Ortiz,Referral,Art gallery manager,2016-09-08,,Rejected
39,Jay,Henry,Campus,Radio broadcast assistant,2018-08-31,,In-Process
40,Jose,Martinez,Naukri,Naval architect,2019-02-28,2019-04-18,Hired
41,Cody,Brown,Naukri,"Runner, broadcasting/film/video",2017-08-27,,In-Process
42,Andrea,Shaw,Naukri,Aeronautical engineer,2016-12-23,,In-Process
43,Ronald,Medina,LinkedIn,Local government officer,2020-03-27,,In-Process
44,Matthew,Martinez,Campus,Careers information officer,2018-02-03,2018-04-13,Hired
45,Joann,Powell,Naukri,"Engineer, production",2025-07-02,,Rejected
46,Kenneth,Russell,Campus,Building services engineer,2021-07-31,2021-10-16,Hired
47,Daisy,Carter,Campus,"Teacher, primary school",2019-08-05,,Rejected
48,Janice,Bowen,Campus,Clinical cytogeneticist,2021-12-28,,In-Process
49,Catherine,Elliott,Campus,"Production assistant, radio",2019-01-08,,Rejected
50,Shawn,Castillo,LinkedIn,"Engineer, civil (consulting)",2024-09-17,,Rejected
51,Ashley,Kelly,Referral,Barrister's clerk,2016-05-09,,In-Process
52,Andrew,Cole,Naukri,"Scientist, research (physical sciences)",2022-08-05,,Rejected
53,Micheal,Martinez,Agency,"Editor, commissioning",2020-02-28,,In-Process
54,Melissa,Parsons,LinkedIn,Product/process development scientist,2022-05-06,,Rejected
55,Alex,Nelson,Agency,Information systems manager,2016-09-07,2016-10-25,Hired
56,Chelsea,Taylor,Campus,Industrial buyer,2024-04-17,2024-06-01,Hired
57,Amanda,Bowman,Naukri,Interior and spatial designer,2015-12-29,,In-Process
58,Denise,Adams,Naukri,Estate agent,2019-01-17,,In-Process
59,Tony,Taylor,Campus,IT sales professional,2021-03-23,,Rejected
60,Alicia,Nunez,Naukri,"Therapist, sports",2018-09-29,,Rejected
61,Jill,Richardson,Naukri,Dramatherapist,2025-08-30,2025-10-03,Hired
62,Caroline,Brewer,LinkedIn,Politician's assistant,2018-03-05,,In-Process
63,Meredith,Coleman,Agency,Higher education lecturer,2020-05-20,,Rejected
64,Michael,Lawrence,Campus,"Producer, television/film/video",2017-01-12,2017-02-06,Hired
65,Andrew,Hopkins,Naukri,Estate agent,2023-11-10,,Rejected
66,Melissa,Foster,Referral,"Accountant, chartered certified",2025-05-09,2025-05-28,Hired
67,Kristina,Deleon,Naukri,"Librarian, public",2021-04-20,,Rejected
68,Brittany,Reyes,Agency,Art therapist,2023-06-26,2023-07-18,Hired
69,Jonathan,Frost,Referral,Sports development officer,2023-07-07,,In-Process
70,Christina,Williams,Campus,Transport planner,2020-04-23,,In-Process
71,Sheri,Nelson,Campus,"Administrator, charities/voluntary organisations",2020-04-02,2020-06-28,Hired
72,Shelly,Ross,LinkedIn,Hospital doctor,2023-02-10,2023-02-21,Hired
73,Madison,Miller,Campus,Newspaper journalist,2015-10-26,2015-12-22,Hired
74,Mary,Daugherty,Agency,"Nurse, children's",2025-09-17,,Rejected
75,Michelle,Brown,Campus,Physiological scientist,2020-09-18,2020-12-17,Hired
76,Cynthia,Ali,LinkedIn,"Horticulturist, commercial",2020-03-12,,In-Process
77,Marcus,Duncan,Campus,"Solicitor, Scotland",2020-01-28,,Rejected
78,James,Greer,Campus,"Teacher, music",2021-08-03,,Rejected
79,Jennifer,Green,LinkedIn,"Engineer, aeronautical",2024-09-02,,Rejected
80,Kim,Parker,LinkedIn,Meteorologist,2018-05-13,2018-06-03,Hired
81,Jennifer,Singleton,Agency,Land,2020-06-05,2020-08-13,Hired
82,Thomas,Sullivan,Agency,Water quality scientist,2021-01-08,2021-01-17,Hired
83,Tristan,Ramirez,Agency,Financial risk analyst,2021-07-18,,In-Process
84,Travis,Gutierrez,Referral,Geochemist,2017-02-12,,Rejected
85,Lisa,Reed,LinkedIn,Consulting civil engineer,2018-10-29,,In-Process
86,Jennifer,Chen,Naukri,"Editor, commissioning",2024-04-14,,In-Process
87,Jeremy,Heath,Campus,Therapeutic radiographer,2019-02-20,,Rejected
88,Catherine,Conley,Campus,Best boy,2021-10-25,,In-Process
89,Robert,Johnson,Agency,"Psychologist, clinical",2023-01-05,,Rejected
90,Phillip,Cole,Referral,Exhibition designer,2017-11-06,2017-11-25,Hired
91,Michael,Case,Naukri,Metallurgist,2022-04-14,2022-06-28,Hired
92,Jennifer,Ortega,LinkedIn,Newspaper journalist,2021-02-22,,Rejected
93,Andrew,Kelly,Agency,Proofreader,2017-09-04,,Rejected
94,Maria,Martin,Agency,"Teacher, secondary school",2021-03-21,,In-Process
95,Lonnie,Collier,LinkedIn,Glass blower/designer,2025-07-05,,Rejected
96,Beverly,Mack,Agency,Geographical information systems officer,2025-04-04,,In-Process
97,Richard,Nichols,LinkedIn,Speech and language therapist,2017-06-08,,In-Process
98,Michelle,Fernandez,Naukri,Chartered management accountant,2023-06-21,2023-07-13,Hired
99,Raymond,Mason,Naukri,Pathologist,2019-11-26,,In-Process
100,Philip,Campbell,Campus,"Engineer, control and instrumentation",2019-12-31,2020-03-18,Hired
101,Rebecca,Baker,LinkedIn,Information systems manager,2019-07-04,,Rejected
102,Tasha,Frederick,Agency,Information officer,2018-09-05,2018-09-28,Hired
103,Donald,Davis,Naukri,Retail merchandiser,2016-05-16,2016-08-14,Hired
104,James,Williams,Referral,"Scientist, research (life sciences)",2023-03-07,2023-05-24,Hired
105,Tyler,James,LinkedIn,Science writer,2016-07-05,2016-07-22,Hired
106,Christopher,Liu,Referral,Insurance risk surveyor,2022-09-30,,In-Process
107,Vicki,Huerta,Agency,Land,2018-06-06,,Rejected
108,Mark,Elliott,LinkedIn,Sports therapist,2020-05-26,2020-07-26,Hired
109,Thomas,Sharp,LinkedIn,"Designer, exhibition/display",2016-01-20,2016-03-05,Hired
110,Dustin,Vazquez,Referral,English as a second language teacher,2019-07-01,,In-Process
111,Dennis,Morris,Agency,Police officer,2019-02-15,,In-Process
112,Shannon,Johnson,Naukri,Clinical embryologist,2025-04-09,,Rejected
113,Brandon,Goodwin,Campus,Magazine journalist,2020-06-22,,In-Process
114,Raymond,Gonzales,Referral,Haematologist,2019-07-02,,In-Process
115,Doris,King,Referral,Tour manager,2020-10-02,,In-Process
116,Christopher,Colon,Agency,"Psychologist, forensic",2016-11-16,,In-Process
117,Shawn,Mcdaniel,Naukri,Insurance underwriter,2020-07-08,,In-Process
118,Anna,Holloway,LinkedIn,Therapeutic radiographer,2017-10-24,,In-Process
119,Michael,Walker,LinkedIn,Theatre stage manager,2022-02-20,,In-Process
120,Patricia,Morales,Naukri,Child psychotherapist,2021-05-23,2021-06-03,Hired
121,Nicole,Lewis,Naukri,Futures trader,2024-09-05,2024-10-20,Hired
122,Allison,Gardner,Agency,Passenger transport manager,2021-08-05,2021-10-28,Hired
123,Adriana,Riley,Referral,"Engineer, civil (consulting)",2022-02-22,2022-05-15,Hired
124,Brian,Harris,Naukri,Financial adviser,2019-02-01,,Rejected
125,Joseph,Mack,Agency,Chief Technology Officer,2025-09-12,,In-Process
126,Donald,Chase,LinkedIn,Occupational psychologist,2021-11-01,,Rejected
127,Craig,Johnson,Referral,Ceramics designer,2022-07-07,,In-Process
128,Derek,Griffin,Campus,Advice worker,2021-07-11,,Rejected
129,Evan,Conner,Naukri,Educational psychologist,2019-03-08,,In-Process
130,Karen,Russell,Campus,Newspaper journalist,2017-03-31,,Rejected
131,Tonya,Schmidt,Campus,Museum/gallery curator,2016-01-16,2016-02-24,Hired
132,Kimberly,Golden,Naukri,"Engineer, maintenance (IT)",2023-09-09,,In-Process
133,Noah,Smith,Naukri,"Scientist, biomedical",2019-04-21,,In-Process
134,Brenda,Leon,Referral,Commercial art gallery manager,2021-02-07,2021-05-05,Hired
135,Lawrence,Walters,Naukri,Comptroller,2018-06-19,,In-Process
136,Alyssa,Young,Referral,English as a second language teacher,2016-06-12,,In-Process
137,Amanda,Benjamin,Agency,Patent examiner,2023-07-15,,In-Process
138,Mary,Vargas,Naukri,Passenger transport manager,2025-03-20,,In-Process
139,Michelle,Pratt,Naukri,Water engineer,2018-12-09,,Rejected
140,Sydney,Gibson,Campus,Web designer,2016-10-22,,Rejected
141,Alexander,Lawson,LinkedIn,Soil scientist,2021-05-30,,Rejected
142,Kimberly,Davis,Naukri,"Production assistant, radio",2024-03-14,,In-Process
143,Belinda,Sanders,LinkedIn,Geographical information systems officer,2017-12-01,2018-01-11,Hired
144,Jonathan,Rhodes,LinkedIn,Immigration officer,2018-07-26,,In-Process
145,Debbie,Marshall,Agency,Automotive engineer,2025-03-11,,In-Process
146,Gregory,Martinez,LinkedIn,Chief Operating Officer,2018-06-27,,Rejected
147,Christopher,Butler,LinkedIn,"Surveyor, commercial/residential",2018-04-29,,Rejected
148,Alexander,Martinez,Referral,Waste management officer,2024-05-12,,Rejected
149,Jay,Humphrey,Naukri,Energy engineer,2019-01-26,,Rejected
150,Anthony,Erickson,LinkedIn,Ranger/warden,2018-12-12,2019-01-23,Hired
151,Andrew,Brown,Naukri,"Therapist, drama",2024-10-17,2024-12-11,Hired
152,Alan,Shaw,LinkedIn,"Nurse, children's",2025-04-30,,Rejected
153,Christina,Powell,Agency,Fitness centre manager,2024-08-27,2024-09-25,Hired
154,Jon,Lee,Referral,"Teacher, secondary school",2016-11-15,,In-Process
155,Sandra,Morgan,Campus,Transport planner,2017-03-23,,In-Process
156,Glenda,Brown,Referral,Radio producer,2022-05-10,2022-07-23,Hired
157,Erin,Walls,Agency,Chartered management accountant,2017-10-20,,In-Process
158,Mary,Roy,Agency,Freight forwarder,2018-03-03,,Rejected
159,Lisa,Brewer,Agency,Probation officer,2022-02-26,,Rejected
160,Allison,Chen,Naukri,Radio broadcast assistant,2016-08-29,2016-09-11,Hired
161,Whitney,Burke,Campus,Production engineer,2023-08-28,,Rejected
162,Tracy,Fisher,Agency,Health physicist,2023-01-05,2023-02-25,Hired
163,Megan,Johnson,Agency,"Engineer, agricultural",2020-09-29,,In-Process
164,Justin,Hicks,Campus,Chartered certified accountant,2021-10-18,,Rejected
165,Susan,Smith,Naukri,Insurance claims handler,2024-04-13,,In-Process
166,Philip,Jones,LinkedIn,Politician's assistant,2016-07-31,,Rejected
167,Robert,Morrison,Agency,Plant breeder/geneticist,2021-01-10,,In-Process
168,David,Gonzales,Naukri,Theatre stage manager,2024-03-07,,In-Process
169,Derek,Price,Naukri,Early years teacher,2017-09-28,,In-Process
170,Patricia,Duncan,Agency,Higher education careers adviser,2025-05-03,2025-06-27,Hired
171,Kevin,Lyons,Referral,Chiropodist,2019-07-07,,In-Process
172,Lisa,Berger,Referral,Teaching laboratory technician,2022-01-10,2022-04-08,Hired
173,Michelle,Zhang,Naukri,Radio broadcast assistant,2017-10-27,,In-Process
174,Julie,Gonzalez,Agency,Emergency planning/management officer,2025-06-07,,In-Process
175,Julia,Moore,Campus,Architect,2023-07-20,,Rejected
176,Margaret,Barber,Referral,Forensic psychologist,2019-06-06,2019-08-08,Hired
177,Chad,Valentine,Agency,Proofreader,2015-10-14,,Rejected
178,Willie,Daniels,Referral,Cytogeneticist,2023-12-30,,Rejected
179,David,White,Agency,Biomedical engineer,2017-12-01,,Rejected
180,Joshua,Burns,Naukri,Marketing executive,2019-07-26,,In-Process
181,Samantha,Richards,LinkedIn,Claims inspector/assessor,2016-02-26,,Rejected
182,Steven,Gentry,Campus,"Accountant, chartered public finance",2023-08-20,,Rejected
183,Connie,West,LinkedIn,"Buyer, industrial",2023-10-24,,Rejected
184,Jeffrey,Day,LinkedIn,Theme park manager,2019-02-20,,In-Process
185,Christopher,Aguilar,LinkedIn,Civil Service administrator,2021-08-17,2021-09-23,Hired
186,Nicholas,Mitchell,LinkedIn,Colour technologist,2024-02-15,2024-05-05,Hired
187,Dawn,Jones,Agency,Armed forces logistics/support/administrative officer,2024-06-06,2024-07-19,Hired
188,Jason,Garcia,LinkedIn,"Designer, exhibition/display",2019-09-07,,Rejected
189,Dana,Ryan,Agency,Quality manager,2021-06-21,,Rejected
190,Morgan,Proctor,Naukri,"Therapist, drama",2021-05-07,,In-Process
191,Angela,Stewart,Campus,Theatre director,2017-07-16,,Rejected
192,Kelly,Flores,Agency,Dramatherapist,2023-03-16,,In-Process
193,Ashley,Proctor,LinkedIn,Accounting technician,2017-09-09,,In-Process
194,Michael,Sanders,LinkedIn,Dietitian,2022-06-24,,Rejected
195,Sara,Estrada,Naukri,Energy engineer,2025-08-01,,In-Process
196,Nichole,Mcfarland,LinkedIn,Community development worker,2024-10-27,,In-Process
197,Olivia,Madden,Campus,Curator,2016-11-11,,In-Process
198,Curtis,Curry,Agency,Metallurgist,2016-09-04,,In-Process
199,Jason,Silva,Referral,"Psychologist, prison and probation services",2018-11-04,,In-Process
200,Neil,Moore,Agency,Science writer,2022-03-27,2022-06-09,Hired
201,Jennifer,Schroeder,Campus,Pathologist,2018-08-10,2018-11-02,Hired
202,Jerry,Shah,Naukri,"Doctor, hospital",2016-03-28,2016-06-10,Hired
203,Aaron,Arroyo,Referral,"Buyer, retail",2018-04-04,2018-04-20,Hired
204,Lisa,Simpson,Referral,Animal nutritionist,2020-09-15,2020-11-26,Hired
205,Kelly,Bautista,Campus,"Development worker, international aid",2023-06-02,2023-08-02,Hired
206,Deborah,Walker,Naukri,Trading standards officer,2021-11-22,,Rejected
207,Ryan,Butler,LinkedIn,Visual merchandiser,2019-02-06,,Rejected
208,Christopher,Johnson,Naukri,"Buyer, retail",2019-09-04,,Rejected
209,Jessica,Hunt,LinkedIn,Insurance underwriter,2021-07-04,,In-Process
210,Tiffany,Chaney,Referral,Architect,2019-07-10,,Rejected
211,Anna,Spencer,Referral,Technical brewer,2019-01-18,,Rejected
212,Amber,Taylor,Naukri,Corporate treasurer,2018-01-26,,Rejected
213,Tony,Dawson,Agency,Building surveyor,2016-08-23,2016-11-18,Hired
214,Kayla,Sweeney,Naukri,Forest/woodland manager,2025-07-02,,Rejected
215,Tanner,Ward,Agency,"Solicitor, Scotland",2023-11-16,,Rejected
216,Adam,Edwards,Agency,Housing manager/officer,2020-05-08,2020-07-13,Hired
217,Courtney,Scott,LinkedIn,Marketing executive,2020-04-08,,Rejected
218,Andrew,Atkinson,LinkedIn,Travel agency manager,2021-08-19,,Rejected
219,Bethany,Jennings,Campus,Actor,2021-12-06,,In-Process
220,Laura,Taylor,Referral,Medical laboratory scientific officer,2021-06-04,,Rejected
221,David,Hill,LinkedIn,Economist,2017-10-11,,Rejected
222,Carolyn,Marshall,Naukri,"Designer, ceramics/pottery",2020-04-02,2020-05-23,Hired
223,Catherine,Johnson,Referral,Retail merchandiser,2019-08-27,,Rejected
224,Jennifer,Copeland,Campus,"Designer, exhibition/display",2021-04-29,2021-05-18,Hired
225,Kathleen,Christian,Naukri,"Scientist, marine",2019-07-21,,Rejected
226,Heidi,Simmons,Agency,Cartographer,2020-12-22,2021-03-06,Hired
227,Tonya,Davis,LinkedIn,Risk analyst,2017-01-30,2017-03-30,Hired
228,Danielle,Mendoza,LinkedIn,Market researcher,2019-09-26,,Rejected
229,Jamie,Robinson,Naukri,Public relations account executive,2023-04-04,2023-05-13,Hired
230,Anna,Brown,Campus,"Sound technician, broadcasting/film/video",2020-06-10,,Rejected
231,Eric,Carter,Referral,"Programme researcher, broadcasting/film/video",2019-03-06,,Rejected
232,Lucas,Johns,Campus,Estate agent,2020-09-05,,Rejected
233,Joann,Franklin,Referral,Surgeon,2016-03-31,2016-06-14,Hired
234,Amanda,Walters,Campus,Accounting technician,2021-11-08,2022-01-10,Hired
235,Douglas,Green,Referral,Financial adviser,2021-02-18,2021-03-14,Hired
236,Jennifer,Young,Campus,Futures trader,2018-06-04,,In-Process
237,Matthew,Davis,Naukri,Data scientist,2015-11-26,2016-01-17,Hired
238,Ronald,Richardson,Referral,Chemical engineer,2024-10-15,2024-11-15,Hired
239,Shane,Leonard,Campus,"Engineer, control and instrumentation",2025-05-05,2025-05-29,Hired
240,Jesse,Herrera,Referral,Garment/textile technologist,2022-08-17,,Rejected
241,Paul,Cook,Naukri,Professor Emeritus,2019-08-25,2019-09-21,Hired
242,Andrea,Stokes,Referral,Fine artist,2024-06-30,,Rejected
243,Laura,Sherman,Campus,"Scientist, research (life sciences)",2018-09-19,2018-11-18,Hired
244,Rebecca,Smith,Campus,Paramedic,2016-09-20,,In-Process
245,Marc,Ramirez,Naukri,Actuary,2025-03-24,,In-Process
246,Brian,Mitchell,Campus,Marketing executive,2023-11-04,,Rejected
247,Nathan,Smith,Campus,Freight forwarder,2024-06-09,,In-Process
248,Mikayla,Gray,LinkedIn,"Doctor, general practice",2015-10-28,2015-11-18,Hired
249,Cindy,Hahn,Naukri,"Engineer, land",2017-01-03,2017-01-26,Hired
250,Richard,Wood,Agency,Pathologist,2016-07-30,,Rejected
251,Louis,Stephens,LinkedIn,"Scientist, research (maths)",2024-05-03,2024-06-09,Hired
252,Kelly,Acosta,Referral,Government social research officer,2018-01-22,,In-Process
253,Patricia,Harper,Agency,Forensic scientist,2017-11-04,,Rejected
254,Karen,Gonzalez,LinkedIn,Regulatory affairs officer,2021-12-28,,In-Process
255,John,Nolan,Campus,Midwife,2019-12-12,,Rejected
256,Brittany,Price,Referral,Pension scheme manager,2020-10-23,,Rejected
257,Kathleen,Thompson,LinkedIn,Environmental manager,2019-01-04,,Rejected
258,Melissa,Reynolds,Naukri,Chief Executive Officer,2018-12-30,,Rejected
259,Stephanie,Williams,Naukri,Quantity surveyor,2022-10-26,,In-Process
260,Evan,Estrada,Agency,International aid/development worker,2022-05-22,,In-Process
261,Jeffrey,Allen,Referral,Horticultural therapist,2021-11-10,2021-12-18,Hired
262,John,Garcia,Naukri,"Surveyor, hydrographic",2020-01-24,2020-03-04,Hired
263,Linda,Carlson,Campus,Veterinary surgeon,2019-10-27,,In-Process
264,Rebecca,Reynolds,LinkedIn,Agricultural engineer,2024-08-23,2024-10-29,Hired
265,Carol,Hanson,Agency,Rural practice surveyor,2023-08-14,,In-Process
266,Linda,Fletcher,Naukri,"Education officer, environmental",2023-02-05,,In-Process
267,Glen,Simmons,Naukri,"Designer, ceramics/pottery",2020-05-31,2020-08-21,Hired
268,Sara,Crawford,Naukri,Call centre manager,2016-04-27,2016-05-19,Hired
269,David,Lopez,LinkedIn,Herbalist,2024-09-04,,Rejected
270,Daniel,Graves,Naukri,Community pharmacist,2023-04-28,,Rejected
271,Christopher,Barker,LinkedIn,Chartered legal executive (England and Wales),2022-04-08,2022-06-08,Hired
272,Linda,Wheeler,Naukri,Chief Marketing Officer,2015-10-26,,In-Process
273,Sarah,Cameron,Campus,"Librarian, public",2018-04-16,2018-04-29,Hired
274,Melinda,Miller,Agency,Electrical engineer,2018-12-05,,Rejected
275,Eric,Sanchez,Naukri,Insurance underwriter,2020-12-30,,Rejected
276,Melissa,Weiss,Campus,Local government officer,2018-08-04,2018-09-23,Hired
277,Patricia,Frazier,LinkedIn,Chiropodist,2024-11-26,,Rejected
278,Anna,Charles,Campus,Insurance broker,2023-10-02,,In-Process
279,Tracy,Jones,LinkedIn,Paediatric nurse,2019-03-28,,In-Process
280,Brett,White,LinkedIn,Trade union research officer,2017-12-20,,Rejected
281,James,Bradley,Referral,Arts development officer,2021-12-12,,Rejected
282,Jason,Mora,Referral,Fish farm manager,2025-02-11,,Rejected
283,Sean,Ramos,Campus,Tree surgeon,2017-10-16,,In-Process
284,Jacqueline,Gonzalez,LinkedIn,Technical sales engineer,2018-12-07,2019-01-23,Hired
285,Alexander,Holmes,LinkedIn,"Nurse, children's",2021-12-07,2021-12-19,Hired
286,Sean,Haas,Naukri,Educational psychologist,2022-09-25,2022-11-12,Hired
287,Amber,Roberts,Campus,Special effects artist,2022-08-23,,Rejected
288,Matthew,Hunt,Agency,English as a second language teacher,2019-09-10,,Rejected
289,Andrew,Moore,Naukri,Dancer,2024-09-26,2024-11-27,Hired
290,Louis,Miller,Campus,Adult nurse,2022-06-06,,Rejected
291,Susan,Fry,Referral,Control and instrumentation engineer,2021-08-29,,Rejected
292,David,Lin,LinkedIn,Energy manager,2023-05-23,,Rejected
293,Andrew,Conner,Agency,"Optician, dispensing",2020-12-13,2020-12-21,Hired
294,Tammy,Swanson,Referral,Air cabin crew,2025-06-20,2025-08-08,Hired
295,Erika,Miranda,Referral,Economist,2023-07-26,,In-Process
296,Jacob,Hess,Agency,Clinical biochemist,2023-12-25,,In-Process
297,Ana,Sullivan,Agency,"Investment banker, operational",2016-05-09,,In-Process
298,Jason,Kennedy,Naukri,"Scientist, biomedical",2024-12-04,,Rejected
299,Jacqueline,Oconnor,Referral,"Accountant, chartered certified",2025-01-07,,In-Process
300,Bernard,Camacho,Campus,Tree surgeon,2019-02-18,2019-05-10,Hired
301,Lauren,Brown,Naukri,"Psychologist, prison and probation services",2023-10-16,2023-11-05,Hired
302,Nancy,Cummings,Agency,"Administrator, local government",2016-04-21,,In-Process
303,Charles,Hart,Agency,"Psychotherapist, child",2017-12-11,2017-12-23,Hired
304,Susan,Allen,Naukri,Audiological scientist,2023-12-28,,In-Process
305,Tracy,Wright,LinkedIn,Chartered accountant,2020-11-12,2021-01-15,Hired
306,Sara,Evans,Agency,Claims inspector/assessor,2021-11-16,2022-01-31,Hired
307,Andrea,Reese,Referral,"Editor, film/video",2015-12-09,,Rejected
308,Jon,Barnes,Campus,Historic buildings inspector/conservation officer,2019-09-11,,In-Process
309,Sara,Williams,Naukri,Special educational needs teacher,2023-01-05,2023-03-21,Hired
310,Breanna,Becker,Naukri,Museum/gallery exhibitions officer,2023-10-21,2023-11-13,Hired
311,Brandon,Williams,Agency,Chief Strategy Officer,2023-06-24,,Rejected
312,Summer,Jones,Referral,"Engineer, building services",2025-09-09,,In-Process
313,Corey,Cole,Referral,Ecologist,2017-04-15,,In-Process
314,Sarah,Long,Campus,"Geologist, wellsite",2023-03-14,,Rejected
315,Bryan,Buckley,LinkedIn,Mudlogger,2020-12-07,,In-Process
316,Denise,Murphy,LinkedIn,Economist,2017-09-03,,Rejected
317,Alexandra,Huber,Campus,Medical laboratory scientific officer,2021-07-27,,Rejected
318,Eric,Hughes,Agency,"Pilot, airline",2025-05-10,,In-Process
319,Lindsey,Silva,Agency,Politician's assistant,2019-11-12,2019-12-10,Hired
320,Jennifer,Kramer,Naukri,"Clinical scientist, histocompatibility and immunogenetics",2020-07-17,,Rejected
321,James,Ross,LinkedIn,Hotel manager,2024-10-03,,Rejected
322,Stephanie,Myers,LinkedIn,Higher education careers adviser,2022-02-14,,In-Process
323,John,Cobb,Naukri,Clinical psychologist,2017-06-04,,In-Process
324,Michael,Mullins,Campus,Land,2016-02-19,,In-Process
325,Glen,Munoz,Agency,"Conservator, furniture",2018-06-14,,Rejected
326,Rachel,Martinez,LinkedIn,Armed forces logistics/support/administrative officer,2023-06-15,,In-Process
327,Zachary,Carroll,Agency,"Administrator, education",2018-03-21,2018-05-23,Hired
328,Edgar,Edwards,Agency,Investment analyst,2017-02-14,,Rejected
329,Amber,Morton,Campus,Patent examiner,2024-03-12,,Rejected
330,Kristin,Brown,Referral,Trade union research officer,2022-08-24,,In-Process
331,Kathryn,Ford,LinkedIn,"Therapist, nutritional",2016-09-19,2016-10-19,Hired
332,Carla,Lewis,Naukri,"Engineer, civil (contracting)",2020-10-29,2021-01-17,Hired
333,Aaron,Bailey,LinkedIn,Materials engineer,2016-07-16,,In-Process
334,Kevin,Aguirre,Campus,Media buyer,2019-04-05,,In-Process
335,Nicholas,Rollins,Agency,Barista,2018-08-08,,In-Process
336,Martin,Chapman,Referral,Tax adviser,2020-04-20,,Rejected
337,Rebecca,Wilson,Referral,Applications developer,2017-06-05,2017-07-19,Hired
338,Ronald,Ford,LinkedIn,"Psychologist, counselling",2017-03-19,,In-Process
339,Lindsey,Phillips,LinkedIn,Lawyer,2025-08-24,2025-09-28,Hired
340,Clarence,Anderson,Naukri,Public relations officer,2023-11-24,,In-Process
341,Lisa,Carter,LinkedIn,Financial controller,2019-03-08,,Rejected
342,Natasha,Walter,Naukri,Professor Emeritus,2017-02-14,,In-Process
343,Crystal,Hart,Naukri,Pensions consultant,2018-02-27,,Rejected
344,Donna,Ramirez,LinkedIn,Product/process development scientist,2017-10-29,,Rejected
345,Brandon,Walker,Naukri,"Horticulturist, commercial",2019-07-12,,In-Process
346,Kevin,Rangel,LinkedIn,Fitness centre manager,2020-02-19,2020-05-04,Hired
347,Chad,Mcknight,Referral,Film/video editor,2021-06-01,2021-08-30,Hired
348,Michael,Maxwell,Agency,"Administrator, charities/voluntary organisations",2016-11-27,,In-Process
349,Cindy,Bowers,Referral,Teaching laboratory technician,2021-05-20,,Rejected
350,Michael,King,Referral,Psychiatrist,2018-08-13,2018-10-29,Hired
351,Derrick,Delgado,Naukri,Retail manager,2019-09-04,,In-Process
352,Madeline,Robinson,Agency,Archaeologist,2023-05-09,,Rejected
353,Kathleen,Smith,Referral,Pensions consultant,2019-10-31,,Rejected
354,Bradley,Thompson,LinkedIn,Probation officer,2025-05-17,2025-08-12,Hired
355,Elizabeth,Mccann,Naukri,Futures trader,2023-08-26,,Rejected
356,Abigail,Burns,Referral,"Teacher, adult education",2017-06-20,,In-Process
357,James,Clements,LinkedIn,"Administrator, charities/voluntary organisations",2024-07-22,2024-08-30,Hired
358,Garrett,Taylor,Agency,"Designer, blown glass/stained glass",2020-12-29,,In-Process
359,Deborah,Kim,Referral,Investment analyst,2024-10-31,2024-12-25,Hired
360,Douglas,Evans,Agency,Herpetologist,2016-09-03,,In-Process
361,Meghan,Barr,Naukri,Archivist,2018-07-25,,In-Process
362,Jennifer,Carpenter,Naukri,Professor Emeritus,2022-07-29,,Rejected
363,Seth,Bennett,Referral,Dentist,2021-09-29,,Rejected
364,John,Diaz,Campus,"Pharmacist, hospital",2024-08-28,2024-11-17,Hired
365,Richard,Nguyen,Naukri,"Biochemist, clinical",2025-01-25,2025-03-30,Hired
366,Anthony,Turner,Campus,Tourism officer,2020-01-18,,In-Process
367,Samuel,Barron,Naukri,Merchant navy officer,2018-05-07,,Rejected
368,Mary,Ford,LinkedIn,Herpetologist,2016-05-30,,Rejected
369,Philip,Serrano,Naukri,Soil scientist,2023-06-28,,Rejected
370,Michael,Marshall,Naukri,Financial trader,2020-09-27,,Rejected
371,Andrew,Robinson,Agency,Insurance risk surveyor,2015-11-21,2015-12-22,Hired
372,Richard,Webb,Naukri,Sports coach,2024-09-21,,Rejected
373,Randy,Baker,Referral,Estate manager/land agent,2025-05-14,,In-Process
374,Marie,Henderson,Naukri,Banker,2023-12-13,2024-01-28,Hired
375,Stacey,Roberts,Agency,"Biochemist, clinical",2023-11-04,2023-12-31,Hired
376,Mark,King,Naukri,Warden/ranger,2021-02-07,2021-02-22,Hired
377,Brian,Vaughan,Naukri,Building services engineer,2023-02-17,2023-04-19,Hired
378,Mark,Brooks,Campus,Retail manager,2023-07-17,,Rejected
379,Joseph,Turner,Naukri,Ceramics designer,2020-07-25,2020-10-07,Hired
380,Tina,Rivas,LinkedIn,Food technologist,2015-10-07,,In-Process
381,Lisa,Bell,LinkedIn,Theatre stage manager,2025-02-10,,In-Process
382,Stephanie,Wilson,Campus,Solicitor,2019-02-07,,Rejected
383,Margaret,Ware,LinkedIn,Copy,2021-03-25,2021-04-15,Hired
384,Sydney,Mcmahon,LinkedIn,Insurance risk surveyor,2015-10-25,,In-Process
385,Madison,Caldwell,LinkedIn,Risk manager,2023-06-14,2023-07-22,Hired
386,Kelly,Cortez,Naukri,Sports development officer,2019-01-17,,Rejected
387,Erin,Lewis,Agency,"Lecturer, higher education",2020-09-24,,In-Process
388,Matthew,Hall,LinkedIn,"Sound technician, broadcasting/film/video",2016-07-29,2016-08-06,Hired
389,Caitlyn,Cole,Referral,"Accountant, chartered management",2024-09-30,,In-Process
390,Jeffrey,Kelly,LinkedIn,Armed forces training and education officer,2018-09-06,,In-Process
391,Keith,Snow,Campus,Chief Financial Officer,2021-09-06,2021-09-30,Hired
392,Tyler,Davila,Campus,Archaeologist,2018-04-01,,In-Process
393,Ashley,Cooper,Referral,Automotive engineer,2021-01-13,2021-02-28,Hired
394,Jeremy,Boone,Naukri,Human resources officer,2017-11-30,,Rejected
395,Krystal,Ruiz,Agency,Radio broadcast assistant,2018-11-07,2018-11-21,Hired
396,Christine,Martinez,Referral,Social worker,2017-04-21,,In-Process
397,Jocelyn,Dean,Agency,"Designer, interior/spatial",2024-03-30,,In-Process
398,Robert,Fernandez,LinkedIn,"Scientist, physiological",2023-01-03,2023-01-12,Hired
399,Annette,Williamson,Referral,Television/film/video producer,2022-04-04,2022-06-19,Hired
400,Joanna,Gutierrez,Campus,Counsellor,2020-11-14,2021-01-25,Hired
401,Courtney,Ford,Naukri,Broadcast journalist,2019-07-02,2019-07-09,Hired
402,Christopher,Livingston,Campus,Leisure centre manager,2019-05-06,2019-06-11,Hired
403,Michelle,Jackson,Naukri,"Doctor, general practice",2017-04-19,,Rejected
404,Katherine,Martinez,Referral,"Administrator, education",2020-01-03,,Rejected
405,Rebecca,Vargas,LinkedIn,"Sales professional, IT",2017-10-16,2017-12-11,Hired
406,Susan,Moreno,Naukri,Recycling officer,2020-01-30,,Rejected
407,David,Welch,LinkedIn,"Engineer, production",2020-11-30,2021-01-04,Hired
408,Phyllis,Blackwell,Referral,Clinical cytogeneticist,2020-04-10,,Rejected
409,Justin,Wright,Referral,Media buyer,2021-06-12,2021-09-05,Hired
410,Nathan,James,LinkedIn,Legal secretary,2024-06-17,2024-08-09,Hired
411,Robert,Walton,Naukri,Visual merchandiser,2018-03-03,2018-05-26,Hired
412,Barry,Carr,Agency,Software engineer,2018-08-02,2018-10-02,Hired
413,Linda,Gardner,Agency,Museum education officer,2016-03-04,,Rejected
414,David,Johnson,Naukri,"Engineer, land",2018-01-28,2018-03-30,Hired
415,Micheal,Spencer,Referral,Radio broadcast assistant,2022-03-22,,In-Process
416,John,Kim,Referral,Art therapist,2019-01-19,,In-Process
417,James,Wilson,LinkedIn,Analytical chemist,2019-03-26,,Rejected
418,Willie,Tucker,Campus,Horticultural therapist,2020-11-21,,Rejected
419,Tracy,Anderson,Referral,Armed forces technical officer,2017-01-03,,In-Process
420,Mary,Michael,LinkedIn,"Lecturer, higher education",2018-06-02,,Rejected
421,Steven,Obrien,Naukri,Hotel manager,2016-05-10,2016-06-05,Hired
422,Hayley,Hodge,Naukri,Aid worker,2025-02-18,,Rejected
423,Marisa,Black,Campus,Hospital doctor,2017-04-28,,Rejected
424,Maureen,Miller,Campus,"Accountant, chartered",2023-11-02,,In-Process
425,Deborah,Whitehead,Agency,Administrator,2025-04-02,2025-04-23,Hired
426,Julia,Murray,Referral,Education administrator,2020-03-19,,Rejected
427,James,Lewis,Referral,Chiropractor,2015-12-27,2016-01-14,Hired
428,Kevin,Gonzalez,Campus,Herbalist,2017-12-23,2018-01-22,Hired
429,Christina,Hayes,Referral,Hospital doctor,2024-02-21,,Rejected
430,Brandon,Carney,Campus,Maintenance engineer,2024-09-28,,Rejected
431,Kristen,Lloyd,Campus,Chemical engineer,2019-03-06,,Rejected
432,Victoria,Doyle,Referral,Public relations officer,2022-07-02,,In-Process
433,Jessica,Pruitt,Naukri,"Loss adjuster, chartered",2023-03-07,2023-06-05,Hired
434,Jacqueline,Austin,Campus,Police officer,2022-11-30,,Rejected
435,Sierra,King,Campus,Sports therapist,2019-03-08,,In-Process
436,Todd,Flores,Agency,Metallurgist,2024-03-18,,In-Process
437,John,Morgan,Agency,Occupational psychologist,2022-07-18,,Rejected
438,James,Baxter,Naukri,Sports development officer,2023-02-26,,In-Process
439,Gregory,Matthews,LinkedIn,Armed forces training and education officer,2025-04-11,,Rejected
440,Adam,Gallagher,Campus,"Surveyor, insurance",2020-06-20,,In-Process
441,Scott,Payne,Agency,Film/video editor,2022-11-18,,In-Process
442,Anthony,Doyle,Naukri,Legal executive,2023-10-06,,In-Process
443,Patrick,Duarte,LinkedIn,Careers adviser,2018-07-03,,In-Process
444,James,Cohen,LinkedIn,Water quality scientist,2025-02-18,2025-04-12,Hired
445,Stephanie,Owen,Referral,Press photographer,2024-12-21,2024-12-30,Hired
446,Victoria,Snyder,Campus,Analytical chemist,2023-01-01,,In-Process
447,Earl,Gonzalez,LinkedIn,Research scientist (medical),2019-08-20,2019-09-10,Hired
448,Stephen,Kane,Referral,Clinical psychologist,2017-11-09,,Rejected
449,Daniel,Myers,Campus,"Designer, exhibition/display",2016-02-05,2016-03-20,Hired
450,Seth,Gates,Campus,"Therapist, art",2024-07-04,2024-09-19,Hired
451,Donald,Hernandez,Naukri,Maintenance engineer,2017-03-05,2017-04-07,Hired
452,Brian,Ruiz,LinkedIn,"Editor, commissioning",2024-12-29,2025-01-22,Hired
453,Nicole,Robinson,Naukri,Archaeologist,2017-10-11,,In-Process
454,Sheila,Adams,LinkedIn,Pathologist,2019-11-23,,Rejected
455,Kenneth,Berger,Campus,Emergency planning/management officer,2016-10-30,,In-Process
456,Francisco,Velazquez,LinkedIn,Call centre manager,2023-01-01,,Rejected
457,Jacob,Martin,LinkedIn,Publishing copy,2021-03-28,,In-Process
458,Darryl,Adkins,Agency,"Scientist, research (maths)",2017-10-31,,In-Process
459,Ethan,Brooks,Agency,Banker,2022-10-02,2022-12-09,Hired
460,Kayla,Ramirez,Naukri,Technical author,2017-09-10,2017-09-20,Hired
461,Brittany,Ryan,Naukri,Clinical cytogeneticist,2018-09-05,,Rejected
462,Kara,Norton,LinkedIn,Air broker,2016-10-16,2016-11-23,Hired
463,Joan,Duncan,Campus,"Designer, industrial/product",2022-03-06,2022-05-24,Hired
464,Danielle,Mullins,Campus,Waste management officer,2022-06-14,2022-07-14,Hired
465,Danielle,Tucker,Naukri,Immunologist,2017-08-06,,In-Process
466,Amber,Smith,Agency,"Surveyor, land/geomatics",2025-01-09,,In-Process
467,Yolanda,Garcia,Referral,Clinical research associate,2018-02-26,,In-Process
468,Tiffany,Beasley,Campus,Forensic scientist,2017-08-23,,Rejected
469,Christopher,Nelson,Referral,Architectural technologist,2019-12-12,,In-Process
470,Stephen,Scott,LinkedIn,Medical physicist,2019-06-15,,Rejected
471,Joshua,Rodriguez,LinkedIn,Garment/textile technologist,2015-10-07,,Rejected
472,Garrett,Johnson,LinkedIn,Commercial/residential surveyor,2022-02-23,2022-03-09,Hired
473,Jason,Carpenter,Naukri,Adult guidance worker,2025-03-03,,In-Process
474,Lauren,Evans,Naukri,Acupuncturist,2025-05-18,,In-Process
475,Daniel,Miller,Campus,Corporate investment banker,2023-08-05,2023-10-01,Hired
476,George,Garcia,Campus,"Education officer, community",2023-11-21,,In-Process
477,William,Bolton,Referral,Armed forces operational officer,2019-08-25,,In-Process
478,Heather,Peters,Agency,Environmental consultant,2019-07-22,,In-Process
479,Mary,Henry,Naukri,Acupuncturist,2022-11-07,,Rejected
480,Cassandra,Schmidt,Naukri,Physiological scientist,2016-06-02,,Rejected
481,Teresa,Dillon,LinkedIn,Clothing/textile technologist,2023-07-14,,Rejected
482,Justin,Freeman,Campus,"Geologist, wellsite",2022-05-25,,In-Process
483,John,Green,Campus,Oncologist,2016-10-17,2016-11-20,Hired
484,Lisa,Nixon,LinkedIn,Proofreader,2020-09-18,,In-Process
485,Paula,West,Naukri,Charity officer,2021-07-15,2021-09-10,Hired
486,Evan,Walker,Agency,Travel agency manager,2020-02-25,,In-Process
487,Thomas,Alvarado,LinkedIn,Futures trader,2020-01-02,,In-Process
488,Kari,Sloan,Campus,Applications developer,2018-02-02,,In-Process
489,Barry,Long,Referral,Financial adviser,2022-11-13,,Rejected
490,Hannah,Wang,Campus,"Psychologist, prison and probation services",2019-07-14,,In-Process
491,Sean,Nelson,Naukri,Public house manager,2016-11-07,,Rejected
492,Valerie,Martin,Campus,Academic librarian,2018-12-09,2019-02-01,Hired
493,Morgan,Bautista,LinkedIn,"Designer, multimedia",2023-08-04,2023-09-14,Hired
494,Michelle,Cantu,Referral,Industrial buyer,2024-05-23,2024-06-08,Hired
495,Jennifer,Jenkins,Referral,Private music teacher,2017-05-09,,In-Process
496,Amanda,Davis,Referral,"Surveyor, mining",2021-03-28,2021-05-04,Hired
497,Danielle,Boyd,LinkedIn,Actuary,2022-01-25,2022-04-11,Hired
498,Tammy,Thomas,Agency,Community development worker,2024-12-31,2025-02-03,Hired
499,Theresa,Stokes,Naukri,"Engineer, manufacturing",2023-01-01,2023-02-16,Hired
500,Lori,Conway,Naukri,Hotel manager,2023-09-05,,In-Process
501,Jeremy,Wright,LinkedIn,Television/film/video producer,2020-09-21,,In-Process
502,William,Richardson,LinkedIn,Manufacturing systems engineer,2017-10-11,2017-11-21,Hired
503,Mike,Rios,Agency,"Surveyor, commercial/residential",2025-02-05,,In-Process
504,Andrea,Rasmussen,Campus,Sub,2018-07-13,2018-09-30,Hired
505,Erin,Alexander,Referral,Electrical engineer,2016-05-14,2016-05-27,Hired
506,Mark,Banks,LinkedIn,Primary school teacher,2020-04-22,2020-06-07,Hired
507,Christopher,Hill,Referral,Chiropodist,2020-12-24,,Rejected
508,Steven,Todd,Agency,Energy manager,2022-07-11,,Rejected
509,Cameron,Graham,Campus,"Engineer, broadcasting (operations)",2018-10-29,2018-12-15,Hired
510,Robert,Gomez,Referral,Aid worker,2020-01-14,,In-Process
511,Derek,Steele,Referral,Commercial art gallery manager,2024-10-14,2024-11-02,Hired
512,Brandi,Jones,Agency,Television floor manager,2017-03-14,,Rejected
513,Christian,Paul,Naukri,Petroleum engineer,2019-06-01,2019-08-11,Hired
514,Kimberly,Lee,Campus,Chemical engineer,2017-12-12,2018-03-04,Hired
515,Patricia,Kelley,Agency,Plant breeder/geneticist,2022-05-27,,Rejected
516,Jason,Smith,Naukri,Theatre manager,2020-11-12,2020-12-26,Hired
517,Adriana,Clark,LinkedIn,Web designer,2023-09-23,2023-11-28,Hired
518,Robin,Graham,LinkedIn,Futures trader,2024-06-06,,In-Process
519,Joshua,Wilkins,Naukri,Insurance claims handler,2016-08-21,,In-Process
520,Vincent,Callahan,Naukri,Environmental manager,2016-08-13,2016-11-11,Hired
521,Melinda,Reeves,Naukri,Podiatrist,2021-08-20,,In-Process
522,Kenneth,Thomas,Agency,Data scientist,2022-07-05,,In-Process
523,Michael,Walsh,Agency,"Therapist, drama",2017-03-12,,In-Process
524,Marvin,Hawkins,Agency,Public relations officer,2024-01-03,,In-Process
525,Kimberly,Leon,Campus,"Therapist, occupational",2016-01-20,,Rejected
526,Rachel,Mcfarland,Referral,Product/process development scientist,2018-06-28,2018-08-17,Hired
527,George,Fields,Agency,"Engineer, biomedical",2022-11-17,,Rejected
528,Kristin,Price,LinkedIn,Housing manager/officer,2021-08-24,,Rejected
529,Daniel,Holland,Campus,Proofreader,2018-11-28,,In-Process
530,Lisa,Roberts,Agency,Video editor,2025-01-06,2025-02-08,Hired
531,Charles,Moore,LinkedIn,"Research officer, trade union",2020-01-16,,In-Process
532,Marie,Thomas,Campus,Immigration officer,2022-06-16,2022-09-03,Hired
533,Daniel,Knight,Naukri,Haematologist,2018-04-23,2018-05-01,Hired
534,Olivia,Friedman,Agency,"Geneticist, molecular",2022-07-05,,Rejected
535,Alan,Washington,LinkedIn,"Engineer, maintenance",2021-03-26,2021-06-04,Hired
536,Brandon,Cooke,Referral,"Designer, multimedia",2018-12-27,,Rejected
537,William,Wilcox,Naukri,Personnel officer,2025-04-03,2025-05-17,Hired
538,Oscar,Moore,Agency,"Engineer, civil (consulting)",2016-04-09,2016-05-21,Hired
539,Joseph,Benitez,Referral,Patent attorney,2024-07-10,,Rejected
540,Patrick,Fitzgerald,Naukri,General practice doctor,2017-12-19,2018-01-04,Hired
541,James,Davis,Campus,Speech and language therapist,2018-11-15,,In-Process
542,Eric,Boyle,Campus,Recruitment consultant,2022-07-23,,Rejected
543,Ronnie,Mccarthy,Campus,Health visitor,2017-11-13,,Rejected
544,Seth,Brown,Naukri,Operational researcher,2022-03-04,,In-Process
545,Doris,Fernandez,Campus,"Horticulturist, commercial",2016-07-17,2016-10-04,Hired
546,Aaron,Mason,Referral,Lobbyist,2025-05-23,2025-07-15,Hired
547,Christopher,Bullock,Campus,"Research officer, government",2022-11-21,,Rejected
548,Cynthia,Foster,Naukri,Bookseller,2020-01-18,,In-Process
549,Katherine,Smith,Referral,"Geologist, wellsite",2016-02-15,,Rejected
550,Sue,Huber,Agency,"Scientist, product/process development",2021-03-12,,In-Process
551,Amy,Jones,Referral,Sports administrator,2017-04-08,,Rejected
552,John,Green,Agency,"Therapist, horticultural",2022-07-09,2022-09-06,Hired
553,Dustin,Lane,Referral,"Therapist, music",2020-08-16,,Rejected
554,Rachel,Valencia,LinkedIn,Community development worker,2020-03-05,,In-Process
555,Jane,Miller,LinkedIn,"Psychologist, occupational",2024-06-03,,In-Process
556,Paul,Price,Naukri,"Research officer, government",2021-12-25,,In-Process
557,Jessica,Mills,Agency,Fitness centre manager,2023-04-02,,In-Process
558,Ronald,Lara,LinkedIn,"Psychotherapist, dance movement",2016-04-20,2016-05-16,Hired
559,William,Marsh,Campus,Learning disability nurse,2023-11-25,,Rejected
560,Morgan,Joseph,Campus,"Administrator, arts",2024-05-22,2024-08-09,Hired
561,Debbie,Sims,Campus,Teaching laboratory technician,2020-04-15,2020-05-20,Hired
562,Brandon,Wagner,LinkedIn,Risk analyst,2018-10-30,,Rejected
563,Lauren,Hart,Campus,Clinical research associate,2024-06-17,,Rejected
564,Thomas,Crawford,Agency,Textile designer,2023-09-17,,Rejected
565,Chelsea,Marshall,LinkedIn,"Teacher, English as a foreign language",2023-03-27,,Rejected
566,Jim,Harris,LinkedIn,Technical author,2017-01-27,2017-02-26,Hired
567,Glenn,Armstrong,Campus,Prison officer,2020-11-02,,Rejected
568,Adam,Freeman,Referral,Press sub,2025-09-18,2025-11-15,Hired
569,Brianna,Carpenter,Referral,IT consultant,2023-12-08,2024-01-24,Hired
570,David,Austin,Campus,Dance movement psychotherapist,2024-06-20,,In-Process
571,Leah,Gonzales,LinkedIn,Orthoptist,2018-05-20,2018-07-26,Hired
572,Eric,Castro,Campus,Comptroller,2024-07-23,,Rejected
573,Anthony,Norris,Naukri,Tree surgeon,2015-11-28,2016-02-12,Hired
574,Deborah,Martinez,Naukri,Hydrogeologist,2015-11-03,,Rejected
575,Sean,Robertson,Naukri,Diagnostic radiographer,2019-02-07,,In-Process
576,Michael,Nelson,Agency,"Teacher, English as a foreign language",2021-11-15,,Rejected
577,Robert,Hunt,Campus,"Lecturer, higher education",2021-06-29,2021-09-20,Hired
578,Stephen,Coleman,Campus,Hydrogeologist,2024-09-03,2024-10-26,Hired
579,Aimee,Mata,Naukri,"Designer, interior/spatial",2020-04-06,,Rejected
580,Laurie,Lawson,LinkedIn,Trading standards officer,2020-02-21,2020-03-26,Hired
581,Alisha,Bailey,Campus,Financial planner,2022-06-06,,In-Process
582,Casey,Ruiz,Referral,Osteopath,2020-05-10,,Rejected
583,Nicole,Gonzalez,Naukri,"Librarian, academic",2019-09-28,,In-Process
584,Nathan,Burton,LinkedIn,"Copywriter, advertising",2021-06-13,2021-07-08,Hired
585,Joshua,Hansen,Campus,Passenger transport manager,2020-05-06,,Rejected
586,Wendy,Goodman,Campus,Advertising account executive,2024-03-10,2024-04-24,Hired
587,Abigail,Young,Agency,Event organiser,2018-10-26,,Rejected
588,Evan,Mclaughlin,Naukri,Contractor,2016-08-26,2016-10-05,Hired
589,John,Golden,Campus,Personal assistant,2017-04-11,2017-04-29,Hired
590,Scott,Sullivan,Referral,"Horticulturist, amenity",2024-10-27,,Rejected
591,Crystal,Adkins,Referral,Public relations account executive,2015-12-10,2016-01-11,Hired
592,Thomas,Mckinney,Campus,Medical physicist,2021-09-02,,Rejected
593,Rebecca,Gonzales,Agency,Sub,2020-02-22,,Rejected
594,Douglas,Hernandez,Naukri,Immigration officer,2022-06-14,,In-Process
595,Courtney,Robertson,Campus,Hotel manager,2017-12-03,,In-Process
596,Claudia,Perry,Agency,Human resources officer,2022-08-31,,Rejected
597,Travis,Smith,LinkedIn,Transport planner,2025-04-16,,Rejected
598,Jasmine,Cunningham,Agency,Legal secretary,2019-01-31,,In-Process
599,Joseph,Meyer,Agency,"Merchandiser, retail",2019-02-14,2019-03-02,Hired
600,Julie,Nelson,Naukri,"Scientist, research (medical)",2023-06-08,,In-Process
